title,url
抗险机构，全量就绪！,https://baike.mihoyo.com/ys/obc/content/507238/detail?bbs_presentation_style=no_header
稳健知行，完备冲刺！,https://baike.mihoyo.com/ys/obc/content/507236/detail?bbs_presentation_style=no_header
龙龙同游,https://baike.mihoyo.com/ys/obc/content/507061/detail?bbs_presentation_style=no_header
定格温暖的约定,https://baike.mihoyo.com/ys/obc/content/506909/detail?bbs_presentation_style=no_header
定格回忆的赠礼,https://baike.mihoyo.com/ys/obc/content/506835/detail?bbs_presentation_style=no_header
嘟嘟可爆轰大乱斗！,https://baike.mihoyo.com/ys/obc/content/506729/detail?bbs_presentation_style=no_header
叮铃哐啷大作战·尾声「叮叮叮，大聚餐！」,https://baike.mihoyo.com/ys/obc/content/506604/detail?bbs_presentation_style=no_header
暗处的规则,https://baike.mihoyo.com/ys/obc/content/506600/detail?bbs_presentation_style=no_header
实验的最后一步,https://baike.mihoyo.com/ys/obc/content/506599/detail?bbs_presentation_style=no_header
叮铃哐啷大作战·终局「轰轰轰，大作战！」,https://baike.mihoyo.com/ys/obc/content/506601/detail?bbs_presentation_style=no_header
走失的创意,https://baike.mihoyo.com/ys/obc/content/506594/detail?bbs_presentation_style=no_header
新的想法,https://baike.mihoyo.com/ys/obc/content/506593/detail?bbs_presentation_style=no_header
备用方案,https://baike.mihoyo.com/ys/obc/content/506545/detail?bbs_presentation_style=no_header
外包的保密事项,https://baike.mihoyo.com/ys/obc/content/506546/detail?bbs_presentation_style=no_header
冒险家的烦恼,https://baike.mihoyo.com/ys/obc/content/506547/detail?bbs_presentation_style=no_header
叮铃哐啷大作战·危机「铛铛铛，大危机！」,https://baike.mihoyo.com/ys/obc/content/506548/detail?bbs_presentation_style=no_header
叮铃哐啷大作战·纷扰「咚咚咚，大阴谋！」,https://baike.mihoyo.com/ys/obc/content/506544/detail?bbs_presentation_style=no_header
织卷上的挑战,https://baike.mihoyo.com/ys/obc/content/506171/detail?bbs_presentation_style=no_header
和旋舞剧 尾声「一帆风顺的美愿」,https://baike.mihoyo.com/ys/obc/content/506081/detail?bbs_presentation_style=no_header
和旋舞剧 第三幕「一切代价的回旋」,https://baike.mihoyo.com/ys/obc/content/506082/detail?bbs_presentation_style=no_header
和旋舞剧 第二幕「一波三折的辗转」,https://baike.mihoyo.com/ys/obc/content/506083/detail?bbs_presentation_style=no_header
和旋舞剧 第一幕「一夜建成的乐园」,https://baike.mihoyo.com/ys/obc/content/506079/detail?bbs_presentation_style=no_header
隐行谛勘，秽金之罪,https://baike.mihoyo.com/ys/obc/content/506061/detail?bbs_presentation_style=no_header
行者絮语,https://baike.mihoyo.com/ys/obc/content/506060/detail?bbs_presentation_style=no_header
余醺一瞬，月境之约,https://baike.mihoyo.com/ys/obc/content/506062/detail?bbs_presentation_style=no_header
隐行谛勘，秽金之罪,https://baike.mihoyo.com/ys/obc/content/506065/detail?bbs_presentation_style=no_header
隐行谛勘，秽金之罪,https://baike.mihoyo.com/ys/obc/content/506063/detail?bbs_presentation_style=no_header
遥遥同旅,https://baike.mihoyo.com/ys/obc/content/505953/detail?bbs_presentation_style=no_header
炫音爆光,https://baike.mihoyo.com/ys/obc/content/505951/detail?bbs_presentation_style=no_header
飞漆溅彩,https://baike.mihoyo.com/ys/obc/content/505846/detail?bbs_presentation_style=no_header
打包解决方案,https://baike.mihoyo.com/ys/obc/content/505661/detail?bbs_presentation_style=no_header
重炮在聆听,https://baike.mihoyo.com/ys/obc/content/505646/detail?bbs_presentation_style=no_header
智巧灵蕈大竞逐 第五幕「最强的对手！至大的危机！」,https://baike.mihoyo.com/ys/obc/content/505629/detail?bbs_presentation_style=no_header
智巧灵蕈大竞逐 第六幕「再见，蕈兽伙伴！」,https://baike.mihoyo.com/ys/obc/content/505628/detail?bbs_presentation_style=no_header
智巧灵蕈大竞逐 第三幕「双重任务，晋级与调查！」,https://baike.mihoyo.com/ys/obc/content/505556/detail?bbs_presentation_style=no_header
智巧灵蕈大竞逐 第四幕「难以揣测的心理防线」,https://baike.mihoyo.com/ys/obc/content/505555/detail?bbs_presentation_style=no_header
智巧灵蕈大竞逐 第一幕「前所未闻的奇妙比赛？」,https://baike.mihoyo.com/ys/obc/content/505554/detail?bbs_presentation_style=no_header
智巧灵蕈大竞逐 第二幕「「月莲杯」的初战」,https://baike.mihoyo.com/ys/obc/content/505553/detail?bbs_presentation_style=no_header
那些古怪又让人思索的问题,https://baike.mihoyo.com/ys/obc/content/505528/detail?bbs_presentation_style=no_header
雨阵奔流之述演,https://baike.mihoyo.com/ys/obc/content/505414/detail?bbs_presentation_style=no_header
灵活调度的思考...,https://baike.mihoyo.com/ys/obc/content/505413/detail?bbs_presentation_style=no_header
风格融合的思考,https://baike.mihoyo.com/ys/obc/content/505289/detail?bbs_presentation_style=no_header
撞球迸碰，摇摆律动！,https://baike.mihoyo.com/ys/obc/content/505290/detail?bbs_presentation_style=no_header
荣花竞捷之争 第三幕 「团结的魔法」,https://baike.mihoyo.com/ys/obc/content/505256/detail?bbs_presentation_style=no_header
荣花竞捷之争 第二幕 「因愧疚而生的医术」,https://baike.mihoyo.com/ys/obc/content/505242/detail?bbs_presentation_style=no_header
龙龙远征，出发！,https://baike.mihoyo.com/ys/obc/content/505174/detail?bbs_presentation_style=no_header
荣花演武，开幕！,https://baike.mihoyo.com/ys/obc/content/505175/detail?bbs_presentation_style=no_header
荣花竞捷之争 第一幕 「为了龙伙伴」,https://baike.mihoyo.com/ys/obc/content/504971/detail?bbs_presentation_style=no_header
友谊地久天长,https://baike.mihoyo.com/ys/obc/content/504703/detail?bbs_presentation_style=no_header
映影制作札记,https://baike.mihoyo.com/ys/obc/content/504704/detail?bbs_presentation_style=no_header
暂时止息的生物入侵…,https://baike.mihoyo.com/ys/obc/content/504684/detail?bbs_presentation_style=no_header
再遇异域鱼鱼？,https://baike.mihoyo.com/ys/obc/content/504681/detail?bbs_presentation_style=no_header
三川游艺绮梦谭·终夜「如伴雷电」,https://baike.mihoyo.com/ys/obc/content/504625/detail?bbs_presentation_style=no_header
三川游艺绮梦谭·后夜「如逢露水」,https://baike.mihoyo.com/ys/obc/content/504624/detail?bbs_presentation_style=no_header
三川游艺绮梦谭·继夜「如见泡影」,https://baike.mihoyo.com/ys/obc/content/504623/detail?bbs_presentation_style=no_header
三川游艺绮梦谭·始夜「如入幻梦」,https://baike.mihoyo.com/ys/obc/content/504613/detail?bbs_presentation_style=no_header
如意祝柬·之五,https://baike.mihoyo.com/ys/obc/content/504472/detail?bbs_presentation_style=no_header
如意祝柬·之三,https://baike.mihoyo.com/ys/obc/content/504474/detail?bbs_presentation_style=no_header
如意祝柬·之四,https://baike.mihoyo.com/ys/obc/content/504473/detail?bbs_presentation_style=no_header
如意祝柬·之六,https://baike.mihoyo.com/ys/obc/content/504471/detail?bbs_presentation_style=no_header
如意祝柬·之一,https://baike.mihoyo.com/ys/obc/content/504476/detail?bbs_presentation_style=no_header
如意祝柬·之七,https://baike.mihoyo.com/ys/obc/content/504470/detail?bbs_presentation_style=no_header
如意祝柬·之二,https://baike.mihoyo.com/ys/obc/content/504475/detail?bbs_presentation_style=no_header
春曦画桃符 「终回：八奇炼桃都」,https://baike.mihoyo.com/ys/obc/content/504456/detail?bbs_presentation_style=no_header
春曦画桃符 第三回 「奇门术息灾平昏寿，护摩法净世定幽冥」,https://baike.mihoyo.com/ys/obc/content/504457/detail?bbs_presentation_style=no_header
春曦画桃符 第二回 「往生堂三日无主，玉京台遣将调兵」,https://baike.mihoyo.com/ys/obc/content/504458/detail?bbs_presentation_style=no_header
春曦画桃符 第一回 「璃月港佳节兴，八奇现瘴病隐」,https://baike.mihoyo.com/ys/obc/content/504443/detail?bbs_presentation_style=no_header
灯下演武,https://baike.mihoyo.com/ys/obc/content/504438/detail?bbs_presentation_style=no_header
「秘密组织」的成员将要去向何方,https://baike.mihoyo.com/ys/obc/content/504424/detail?bbs_presentation_style=no_header
「秘密组织」的成员为什么来到这里,https://baike.mihoyo.com/ys/obc/content/504373/detail?bbs_presentation_style=no_header
来自英雄的认证！,https://baike.mihoyo.com/ys/obc/content/504255/detail?bbs_presentation_style=no_header
 暝视寻灵织卷·上  「谜烟之信」,https://baike.mihoyo.com/ys/obc/content/503640/detail?bbs_presentation_style=no_header
暝视寻灵织卷·中  「烬寂之视」,https://baike.mihoyo.com/ys/obc/content/503639/detail?bbs_presentation_style=no_header
 暝视寻灵织卷·下  「阿库乌波蒂尔之灵」,https://baike.mihoyo.com/ys/obc/content/503638/detail?bbs_presentation_style=no_header
我们的动物朋友·尾声,https://baike.mihoyo.com/ys/obc/content/503626/detail?bbs_presentation_style=no_header
我们的动物朋友,https://baike.mihoyo.com/ys/obc/content/503627/detail?bbs_presentation_style=no_header
炼金术，大突破？,https://baike.mihoyo.com/ys/obc/content/503548/detail?bbs_presentation_style=no_header
彩糖与蔷薇的幻色颂 第三份礼物「赠予她回忆」,https://baike.mihoyo.com/ys/obc/content/503340/detail?bbs_presentation_style=no_header
彩糖与蔷薇的幻色颂 第一份礼物「赠予她惊喜」,https://baike.mihoyo.com/ys/obc/content/503338/detail?bbs_presentation_style=no_header
彩糖与蔷薇的幻色颂 第二份礼物「赠予她甜蜜」,https://baike.mihoyo.com/ys/obc/content/503339/detail?bbs_presentation_style=no_header
花车摇曳,https://baike.mihoyo.com/ys/obc/content/503315/detail?bbs_presentation_style=no_header
骑士的剑影,https://baike.mihoyo.com/ys/obc/content/503211/detail?bbs_presentation_style=no_header
梦与现实的映射,https://baike.mihoyo.com/ys/obc/content/503210/detail?bbs_presentation_style=no_header
捉虫小队最后出击,https://baike.mihoyo.com/ys/obc/content/503057/detail?bbs_presentation_style=no_header
蜜虫之宝,https://baike.mihoyo.com/ys/obc/content/502962/detail?bbs_presentation_style=no_header
善良促销,https://baike.mihoyo.com/ys/obc/content/502649/detail?bbs_presentation_style=no_header
嘟嘟可砰砰历险记！,https://baike.mihoyo.com/ys/obc/content/502470/detail?bbs_presentation_style=no_header
涂鸦之路的方向标,https://baike.mihoyo.com/ys/obc/content/502309/detail?bbs_presentation_style=no_header
前卫理念与涂鸦先锋！,https://baike.mihoyo.com/ys/obc/content/502175/detail?bbs_presentation_style=no_header
团雀依然最可爱,https://baike.mihoyo.com/ys/obc/content/501747/detail?bbs_presentation_style=no_header
正文的尾声,https://baike.mihoyo.com/ys/obc/content/501715/detail?bbs_presentation_style=no_header
画外旅照·浮露之章,https://baike.mihoyo.com/ys/obc/content/501714/detail?bbs_presentation_style=no_header
向着灯塔，或是远方,https://baike.mihoyo.com/ys/obc/content/501694/detail?bbs_presentation_style=no_header
奇书疑云,https://baike.mihoyo.com/ys/obc/content/501693/detail?bbs_presentation_style=no_header
后日谈,https://baike.mihoyo.com/ys/obc/content/501692/detail?bbs_presentation_style=no_header
《猫头鹰乐师》,https://baike.mihoyo.com/ys/obc/content/501691/detail?bbs_presentation_style=no_header
《勇敢的北风》,https://baike.mihoyo.com/ys/obc/content/501690/detail?bbs_presentation_style=no_header
《飞帽匠》,https://baike.mihoyo.com/ys/obc/content/501689/detail?bbs_presentation_style=no_header
直至世界尽头,https://baike.mihoyo.com/ys/obc/content/501683/detail?bbs_presentation_style=no_header
他们行过星空,https://baike.mihoyo.com/ys/obc/content/501680/detail?bbs_presentation_style=no_header
《好架子》,https://baike.mihoyo.com/ys/obc/content/501679/detail?bbs_presentation_style=no_header
旁白的注脚,https://baike.mihoyo.com/ys/obc/content/501647/detail?bbs_presentation_style=no_header
故事始于无雨的森林,https://baike.mihoyo.com/ys/obc/content/501627/detail?bbs_presentation_style=no_header
森林与公主,https://baike.mihoyo.com/ys/obc/content/501613/detail?bbs_presentation_style=no_header
荷叶与森林的答案,https://baike.mihoyo.com/ys/obc/content/501601/detail?bbs_presentation_style=no_header
荷叶与冠军,https://baike.mihoyo.com/ys/obc/content/501595/detail?bbs_presentation_style=no_header
轻松的冒险初体验,https://baike.mihoyo.com/ys/obc/content/501545/detail?bbs_presentation_style=no_header
炮炮，又见炮炮。,https://baike.mihoyo.com/ys/obc/content/501525/detail?bbs_presentation_style=no_header
直面悠远的回响,https://baike.mihoyo.com/ys/obc/content/501516/detail?bbs_presentation_style=no_header
涉过未知的雷云,https://baike.mihoyo.com/ys/obc/content/501515/detail?bbs_presentation_style=no_header
追随鸣雷的踪迹,https://baike.mihoyo.com/ys/obc/content/501514/detail?bbs_presentation_style=no_header
远航的准备,https://baike.mihoyo.com/ys/obc/content/501513/detail?bbs_presentation_style=no_header
砰砰大作战,https://baike.mihoyo.com/ys/obc/content/501512/detail?bbs_presentation_style=no_header
夏日赠礼,https://baike.mihoyo.com/ys/obc/content/501511/detail?bbs_presentation_style=no_header
拟想！强者与迷宫！,https://baike.mihoyo.com/ys/obc/content/501491/detail?bbs_presentation_style=no_header
商机无限,https://baike.mihoyo.com/ys/obc/content/501471/detail?bbs_presentation_style=no_header
家书难递,https://baike.mihoyo.com/ys/obc/content/501470/detail?bbs_presentation_style=no_header
各有职责,https://baike.mihoyo.com/ys/obc/content/501469/detail?bbs_presentation_style=no_header
风带来的思念,https://baike.mihoyo.com/ys/obc/content/501468/detail?bbs_presentation_style=no_header
轻策之围,https://baike.mihoyo.com/ys/obc/content/501467/detail?bbs_presentation_style=no_header
天降的某物,https://baike.mihoyo.com/ys/obc/content/501466/detail?bbs_presentation_style=no_header
紧急措施,https://baike.mihoyo.com/ys/obc/content/501465/detail?bbs_presentation_style=no_header
秘密失物,https://baike.mihoyo.com/ys/obc/content/501463/detail?bbs_presentation_style=no_header
「那位先生」的计划,https://baike.mihoyo.com/ys/obc/content/501462/detail?bbs_presentation_style=no_header
无止境的开题报告,https://baike.mihoyo.com/ys/obc/content/501459/detail?bbs_presentation_style=no_header
解析与想定,https://baike.mihoyo.com/ys/obc/content/501452/detail?bbs_presentation_style=no_header
将才与推演,https://baike.mihoyo.com/ys/obc/content/501450/detail?bbs_presentation_style=no_header
参寻战记·觐见孤王！,https://baike.mihoyo.com/ys/obc/content/501362/detail?bbs_presentation_style=no_header
参寻战记·后日谈,https://baike.mihoyo.com/ys/obc/content/501360/detail?bbs_presentation_style=no_header
参寻战记·为了儿时梦想！,https://baike.mihoyo.com/ys/obc/content/501344/detail?bbs_presentation_style=no_header
参寻战记·燃起来了！,https://baike.mihoyo.com/ys/obc/content/501342/detail?bbs_presentation_style=no_header
参寻战记·冷酷圆肚皮！,https://baike.mihoyo.com/ys/obc/content/501340/detail?bbs_presentation_style=no_header
荒泷生命摇滚虹色大巡回·下「是荒泷生命摇滚虹色大巡回」,https://baike.mihoyo.com/ys/obc/content/501312/detail?bbs_presentation_style=no_header
荒泷生命摇滚虹色大巡回·上「不是普通的虹色巡回」,https://baike.mihoyo.com/ys/obc/content/501300/detail?bbs_presentation_style=no_header
「大桔骑士」入列！,https://baike.mihoyo.com/ys/obc/content/501120/detail?bbs_presentation_style=no_header
泡泡桔色的不速之客！,https://baike.mihoyo.com/ys/obc/content/501116/detail?bbs_presentation_style=no_header
「猫茸茸城堡」的大大危机！,https://baike.mihoyo.com/ys/obc/content/501111/detail?bbs_presentation_style=no_header
奔赴未来的实验,https://baike.mihoyo.com/ys/obc/content/501109/detail?bbs_presentation_style=no_header
警备队的发明家,https://baike.mihoyo.com/ys/obc/content/501096/detail?bbs_presentation_style=no_header
汇报实验数据,https://baike.mihoyo.com/ys/obc/content/501095/detail?bbs_presentation_style=no_header
为学术声誉而战,https://baike.mihoyo.com/ys/obc/content/501065/detail?bbs_presentation_style=no_header
完满收工,https://baike.mihoyo.com/ys/obc/content/501062/detail?bbs_presentation_style=no_header
远销各国,https://baike.mihoyo.com/ys/obc/content/501057/detail?bbs_presentation_style=no_header
工艺突破,https://baike.mihoyo.com/ys/obc/content/501050/detail?bbs_presentation_style=no_header
神奇药剂,https://baike.mihoyo.com/ys/obc/content/501018/detail?bbs_presentation_style=no_header
有朋自远方来·其四,https://baike.mihoyo.com/ys/obc/content/500969/detail?bbs_presentation_style=no_header
有朋自远方来·其三,https://baike.mihoyo.com/ys/obc/content/500964/detail?bbs_presentation_style=no_header
有朋自远方来·其二,https://baike.mihoyo.com/ys/obc/content/500958/detail?bbs_presentation_style=no_header
有朋自远方来·其一,https://baike.mihoyo.com/ys/obc/content/500953/detail?bbs_presentation_style=no_header
彩鹞栉春风 其四「人来人往」,https://baike.mihoyo.com/ys/obc/content/500930/detail?bbs_presentation_style=no_header
彩鹞栉春风 其三「故鸢吹归，再宿堂楼」,https://baike.mihoyo.com/ys/obc/content/500893/detail?bbs_presentation_style=no_header
熠光云行,https://baike.mihoyo.com/ys/obc/content/500869/detail?bbs_presentation_style=no_header
彩鹞栉春风 其二「描露摹晖，诉愿云海」,https://baike.mihoyo.com/ys/obc/content/500868/detail?bbs_presentation_style=no_header
彩鹞栉春风 其一「风莺梳春，开天呈祥」,https://baike.mihoyo.com/ys/obc/content/500854/detail?bbs_presentation_style=no_header
碰碰舞兽戏！,https://baike.mihoyo.com/ys/obc/content/500853/detail?bbs_presentation_style=no_header
寻味纸影间,https://baike.mihoyo.com/ys/obc/content/500852/detail?bbs_presentation_style=no_header
暂无止境的斗虫之路！,https://baike.mihoyo.com/ys/obc/content/500641/detail?bbs_presentation_style=no_header
荒泷甲光烈烈斗虫大修行！,https://baike.mihoyo.com/ys/obc/content/500628/detail?bbs_presentation_style=no_header
剑舞的意外谢幕！,https://baike.mihoyo.com/ys/obc/content/500613/detail?bbs_presentation_style=no_header
优雅剑舞的艺术？,https://baike.mihoyo.com/ys/obc/content/500607/detail?bbs_presentation_style=no_header
水中秘宝·尾声,https://baike.mihoyo.com/ys/obc/content/500603/detail?bbs_presentation_style=no_header
进站！,https://baike.mihoyo.com/ys/obc/content/500589/detail?bbs_presentation_style=no_header
水中秘宝,https://baike.mihoyo.com/ys/obc/content/500588/detail?bbs_presentation_style=no_header
特技光效与明日之星！,https://baike.mihoyo.com/ys/obc/content/500564/detail?bbs_presentation_style=no_header
救救可怜的乙方员工！,https://baike.mihoyo.com/ys/obc/content/500562/detail?bbs_presentation_style=no_header
雾中隐现的孤岛,https://baike.mihoyo.com/ys/obc/content/500558/detail?bbs_presentation_style=no_header
划破宁静的枪响,https://baike.mihoyo.com/ys/obc/content/500556/detail?bbs_presentation_style=no_header
何处盛放的蔷薇,https://baike.mihoyo.com/ys/obc/content/500559/detail?bbs_presentation_style=no_header
景框内外的虚实,https://baike.mihoyo.com/ys/obc/content/500557/detail?bbs_presentation_style=no_header
两个铳枪手的凯旋,https://baike.mihoyo.com/ys/obc/content/500560/detail?bbs_presentation_style=no_header
不遥远的分别,https://baike.mihoyo.com/ys/obc/content/7638/detail?bbs_presentation_style=no_header
最初与最新的对决！,https://baike.mihoyo.com/ys/obc/content/7637/detail?bbs_presentation_style=no_header
蕈兽可不是汐藻！,https://baike.mihoyo.com/ys/obc/content/7636/detail?bbs_presentation_style=no_header
小小灵蕈大幻戏！,https://baike.mihoyo.com/ys/obc/content/7625/detail?bbs_presentation_style=no_header
奇迹的冠冕,https://baike.mihoyo.com/ys/obc/content/7615/detail?bbs_presentation_style=no_header
王子的国度,https://baike.mihoyo.com/ys/obc/content/7612/detail?bbs_presentation_style=no_header
水妖的猜想,https://baike.mihoyo.com/ys/obc/content/7610/detail?bbs_presentation_style=no_header
目标，反制「膨膨兽怪盗」！,https://baike.mihoyo.com/ys/obc/content/7599/detail?bbs_presentation_style=no_header
游水酝诗籍 第三首 幽潭心,https://baike.mihoyo.com/ys/obc/content/7480/detail?bbs_presentation_style=no_header
游水酝诗籍 第二首 叶间泪,https://baike.mihoyo.com/ys/obc/content/7479/detail?bbs_presentation_style=no_header
游水酝诗籍 第一首「言欢聚」,https://baike.mihoyo.com/ys/obc/content/7478/detail?bbs_presentation_style=no_header
寻景觅画,https://baike.mihoyo.com/ys/obc/content/7434/detail?bbs_presentation_style=no_header
灵感喷激,https://baike.mihoyo.com/ys/obc/content/7433/detail?bbs_presentation_style=no_header
百步礼掷,https://baike.mihoyo.com/ys/obc/content/7432/detail?bbs_presentation_style=no_header
嘟嘟可轰轰奇遇记 危机解除！开心留念！,https://baike.mihoyo.com/ys/obc/content/7383/detail?bbs_presentation_style=no_header
嘟嘟可轰轰奇遇记 神秘鱼鱼？轰轰奇遇！,https://baike.mihoyo.com/ys/obc/content/7375/detail?bbs_presentation_style=no_header
集光撷彩·报偿,https://baike.mihoyo.com/ys/obc/content/7353/detail?bbs_presentation_style=no_header
集光撷彩·因果,https://baike.mihoyo.com/ys/obc/content/7352/detail?bbs_presentation_style=no_header
光影研学·旖旎水界,https://baike.mihoyo.com/ys/obc/content/7284/detail?bbs_presentation_style=no_header
桌上冒险家,https://baike.mihoyo.com/ys/obc/content/7264/detail?bbs_presentation_style=no_header
模拟！荒野扫荡,https://baike.mihoyo.com/ys/obc/content/7263/detail?bbs_presentation_style=no_header
模拟！蔚蓝冲锋,https://baike.mihoyo.com/ys/obc/content/7262/detail?bbs_presentation_style=no_header
停战协议！玩具战争,https://baike.mihoyo.com/ys/obc/content/7261/detail?bbs_presentation_style=no_header
白热化！玩具战争,https://baike.mihoyo.com/ys/obc/content/7260/detail?bbs_presentation_style=no_header
开火！玩具战争,https://baike.mihoyo.com/ys/obc/content/7259/detail?bbs_presentation_style=no_header
一条枫丹信息,https://baike.mihoyo.com/ys/obc/content/7155/detail?bbs_presentation_style=no_header
「这可不是南瓜汤…」,https://baike.mihoyo.com/ys/obc/content/7154/detail?bbs_presentation_style=no_header
一枚印章,https://baike.mihoyo.com/ys/obc/content/7127/detail?bbs_presentation_style=no_header
一件小事,https://baike.mihoyo.com/ys/obc/content/7126/detail?bbs_presentation_style=no_header
一份通知,https://baike.mihoyo.com/ys/obc/content/7125/detail?bbs_presentation_style=no_header
千奇澴回,https://baike.mihoyo.com/ys/obc/content/6856/detail?bbs_presentation_style=no_header
一个枫丹人的回忆,https://baike.mihoyo.com/ys/obc/content/6807/detail?bbs_presentation_style=no_header
不受控的实验规模,https://baike.mihoyo.com/ys/obc/content/6797/detail?bbs_presentation_style=no_header
神工天巧·宝录之章,https://baike.mihoyo.com/ys/obc/content/6791/detail?bbs_presentation_style=no_header
妙骰战法,https://baike.mihoyo.com/ys/obc/content/6690/detail?bbs_presentation_style=no_header
恒动械画·七圣之篇,https://baike.mihoyo.com/ys/obc/content/6689/detail?bbs_presentation_style=no_header
零时召唤,https://baike.mihoyo.com/ys/obc/content/6688/detail?bbs_presentation_style=no_header
诸景巡礼,https://baike.mihoyo.com/ys/obc/content/6687/detail?bbs_presentation_style=no_header
「丰厚」的预算,https://baike.mihoyo.com/ys/obc/content/6547/detail?bbs_presentation_style=no_header
究古考察·收尾,https://baike.mihoyo.com/ys/obc/content/6522/detail?bbs_presentation_style=no_header
落幕时分,https://baike.mihoyo.com/ys/obc/content/6521/detail?bbs_presentation_style=no_header
「当初那位参赛者」,https://baike.mihoyo.com/ys/obc/content/6520/detail?bbs_presentation_style=no_header
「二十年前的事」,https://baike.mihoyo.com/ys/obc/content/6513/detail?bbs_presentation_style=no_header
仿生摹行,https://baike.mihoyo.com/ys/obc/content/6512/detail?bbs_presentation_style=no_header
究古考察,https://baike.mihoyo.com/ys/obc/content/6511/detail?bbs_presentation_style=no_header
明星聚画,https://baike.mihoyo.com/ys/obc/content/6510/detail?bbs_presentation_style=no_header
通路计划,https://baike.mihoyo.com/ys/obc/content/6509/detail?bbs_presentation_style=no_header
药剂应对法,https://baike.mihoyo.com/ys/obc/content/6508/detail?bbs_presentation_style=no_header
追溯求真,https://baike.mihoyo.com/ys/obc/content/6507/detail?bbs_presentation_style=no_header
「萨齐因留下的文字」,https://baike.mihoyo.com/ys/obc/content/6506/detail?bbs_presentation_style=no_header
爆震沸腾！,https://baike.mihoyo.com/ys/obc/content/6393/detail?bbs_presentation_style=no_header
西域来客·自由之味,https://baike.mihoyo.com/ys/obc/content/6306/detail?bbs_presentation_style=no_header
聚于湖畔的外乡之客,https://baike.mihoyo.com/ys/obc/content/6304/detail?bbs_presentation_style=no_header
老朋友和新游戏,https://baike.mihoyo.com/ys/obc/content/6290/detail?bbs_presentation_style=no_header
振晶，映射二度,https://baike.mihoyo.com/ys/obc/content/6271/detail?bbs_presentation_style=no_header
匿于人海的预言之谜,https://baike.mihoyo.com/ys/obc/content/6263/detail?bbs_presentation_style=no_header
存于云天的至福之解,https://baike.mihoyo.com/ys/obc/content/6260/detail?bbs_presentation_style=no_header
永无止境的斗虫较量！,https://baike.mihoyo.com/ys/obc/content/6149/detail?bbs_presentation_style=no_header
荒泷极意堂堂斗虫大试合！,https://baike.mihoyo.com/ys/obc/content/6148/detail?bbs_presentation_style=no_header
演武传心,https://baike.mihoyo.com/ys/obc/content/6107/detail?bbs_presentation_style=no_header
御神使的风姿,https://baike.mihoyo.com/ys/obc/content/6105/detail?bbs_presentation_style=no_header
意外争斗,https://baike.mihoyo.com/ys/obc/content/6103/detail?bbs_presentation_style=no_header
被嫌弃的木刻,https://baike.mihoyo.com/ys/obc/content/4487/detail?bbs_presentation_style=no_header
最后的宝藏,https://baike.mihoyo.com/ys/obc/content/4303/detail?bbs_presentation_style=no_header
正因其徒劳,https://baike.mihoyo.com/ys/obc/content/4266/detail?bbs_presentation_style=no_header
寻物航行,https://baike.mihoyo.com/ys/obc/content/4264/detail?bbs_presentation_style=no_header
文谷疑云,https://baike.mihoyo.com/ys/obc/content/3621/detail?bbs_presentation_style=no_header
听海人,https://baike.mihoyo.com/ys/obc/content/2156/detail?bbs_presentation_style=no_header
归乡漫漫路,https://baike.mihoyo.com/ys/obc/content/2155/detail?bbs_presentation_style=no_header
自外而来,https://baike.mihoyo.com/ys/obc/content/2154/detail?bbs_presentation_style=no_header
狂风，听谁号令,https://baike.mihoyo.com/ys/obc/content/2153/detail?bbs_presentation_style=no_header
风花节引导任务,https://baike.mihoyo.com/ys/obc/content/1704/detail?bbs_presentation_style=no_header
海灯节轶事之三,https://baike.mihoyo.com/ys/obc/content/1594/detail?bbs_presentation_style=no_header
海灯节轶事之二,https://baike.mihoyo.com/ys/obc/content/1593/detail?bbs_presentation_style=no_header
海灯节轶事之一,https://baike.mihoyo.com/ys/obc/content/1583/detail?bbs_presentation_style=no_header
冒险协会的考验,https://baike.mihoyo.com/ys/obc/content/529/detail?bbs_presentation_style=no_header
